SampleID	Dataset	Project	BarcodeSequence	LinkerPrimerSequence	BarcodePlate	Well
STR_T0_nRDX_n11Y_nCOMP_R1	ITS	serdp	CGCAATCGGTAG	CGGCTGCGTTCTTCATCGATGC	8	A1
STR_T0_nRDX_n11Y_nCOMP_R2	ITS	serdp	TACCTTGGGTGA	CGGCTGCGTTCTTCATCGATGC	8	A2
STR_T0_nRDX_n11Y_nCOMP_R3	ITS	serdp	GTATGACTGGCT	CGGCTGCGTTCTTCATCGATGC	8	A3
STR_T0_nRDX_n11Y_nCOMP_R4	ITS	serdp	AGAGCGCCGTTA	CGGCTGCGTTCTTCATCGATGC	8	A4
STR_T0_nRDX_n11Y_yCOMP_R1	ITS	serdp	TCTCGAGCAAAC	CGGCTGCGTTCTTCATCGATGC	8	A5
STR_T0_nRDX_n11Y_yCOMP_R2	ITS	serdp	TTAGTGCGTTTG	CGGCTGCGTTCTTCATCGATGC	8	A6
STR_T0_nRDX_n11Y_yCOMP_R3	ITS	serdp	CGCTCTTTGTTC	CGGCTGCGTTCTTCATCGATGC	8	A7
STR_T0_nRDX_n11Y_yCOMP_R4	ITS	serdp	ACATCACTTAGC	CGGCTGCGTTCTTCATCGATGC	8	A8
STR_T0_nRDX_y11Y_nCOMP_R1	ITS	serdp	CACTTGTCCCTT	CGGCTGCGTTCTTCATCGATGC	8	A9
STR_T0_nRDX_y11Y_nCOMP_R2	ITS	serdp	CGAATCGACACT	CGGCTGCGTTCTTCATCGATGC	8	A10
STR_T0_nRDX_y11Y_nCOMP_R3	ITS	serdp	GCCGCTTAATAG	CGGCTGCGTTCTTCATCGATGC	8	A11
STR_T0_nRDX_y11Y_nCOMP_R4	ITS	serdp	AACAATGGTAGG	CGGCTGCGTTCTTCATCGATGC	8	A12
STR_T0_nRDX_y11Y_yCOMP_R1	ITS	serdp	AGCAACGGACTC	CGGCTGCGTTCTTCATCGATGC	8	B1
STR_T0_nRDX_y11Y_yCOMP_R2	ITS	serdp	CGTACAGTTATC	CGGCTGCGTTCTTCATCGATGC	8	B2
STR_T0_nRDX_y11Y_yCOMP_R3	ITS	serdp	TGTCCAGGTTTA	CGGCTGCGTTCTTCATCGATGC	8	B3
STR_T0_nRDX_y11Y_yCOMP_R4	ITS	serdp	TTGTCAATTCGG	CGGCTGCGTTCTTCATCGATGC	8	B4
STR_T0_yRDX_n11Y_nCOMP_R1	ITS	serdp	GCTAGATGCCAG	CGGCTGCGTTCTTCATCGATGC	8	B5
STR_T0_yRDX_n11Y_nCOMP_R2	ITS	serdp	AGAACGACCACC	CGGCTGCGTTCTTCATCGATGC	8	B6
STR_T0_yRDX_n11Y_nCOMP_R3	ITS	serdp	TTAGCCCATAGT	CGGCTGCGTTCTTCATCGATGC	8	B7
STR_T0_yRDX_n11Y_nCOMP_R4	ITS	serdp	CGAACTCAATGC	CGGCTGCGTTCTTCATCGATGC	8	B8
STR_T0_yRDX_n11Y_yCOMP_R1	ITS	serdp	GGACTCAGCAAC	CGGCTGCGTTCTTCATCGATGC	8	B9
STR_T0_yRDX_n11Y_yCOMP_R2	ITS	serdp	GGTTCACCATAG	CGGCTGCGTTCTTCATCGATGC	8	B10
STR_T0_yRDX_n11Y_yCOMP_R3	ITS	serdp	ATCCCTTGGTCC	CGGCTGCGTTCTTCATCGATGC	8	B11
STR_T0_yRDX_n11Y_yCOMP_R4	ITS	serdp	TCTGACCAATAC	CGGCTGCGTTCTTCATCGATGC	8	B12
STR_T0_yRDX_y11Y_nCOMP_R1	ITS	serdp	TATGACGGTTCT	CGGCTGCGTTCTTCATCGATGC	8	C1
STR_T0_yRDX_y11Y_nCOMP_R2	ITS	serdp	AGGGTTCCAGTT	CGGCTGCGTTCTTCATCGATGC	8	C2
STR_T0_yRDX_y11Y_nCOMP_R3	ITS	serdp	GCAGCCGAGTAT	CGGCTGCGTTCTTCATCGATGC	8	C3
STR_T0_yRDX_y11Y_nCOMP_R4	ITS	serdp	GTCGTTAAGCGT	CGGCTGCGTTCTTCATCGATGC	8	C4
STR_T0_yRDX_y11Y_yCOMP_R1	ITS	serdp	GGTCGGTAAGCT	CGGCTGCGTTCTTCATCGATGC	8	C5
STR_T0_yRDX_y11Y_yCOMP_R2	ITS	serdp	AACTATAGCCCT	CGGCTGCGTTCTTCATCGATGC	8	C6
STR_T0_yRDX_y11Y_yCOMP_R3	ITS	serdp	GCTTGCGAGACA	CGGCTGCGTTCTTCATCGATGC	8	C7
STR_T0_yRDX_y11Y_yCOMP_R4	ITS	serdp	GATATGCGGCTG	CGGCTGCGTTCTTCATCGATGC	8	C8
STR_T1_nRDX_n11Y_nCOMP_R1	ITS	serdp	TGCGAACGTATC	CGGCTGCGTTCTTCATCGATGC	8	C9
STR_T1_nRDX_n11Y_nCOMP_R2	ITS	serdp	GGCGAATCTTGG	CGGCTGCGTTCTTCATCGATGC	8	C10
STR_T1_nRDX_n11Y_nCOMP_R3	ITS	serdp	TAAATCAGCCTC	CGGCTGCGTTCTTCATCGATGC	8	C11
STR_T1_nRDX_n11Y_nCOMP_R4	ITS	serdp	TGATGCTAACTC	CGGCTGCGTTCTTCATCGATGC	8	C12
STR_T1_nRDX_n11Y_yCOMP_R1	ITS	serdp	GCCTATACTACA	CGGCTGCGTTCTTCATCGATGC	8	D1
STR_T1_nRDX_n11Y_yCOMP_R2	ITS	serdp	GCATTGCGTGAG	CGGCTGCGTTCTTCATCGATGC	8	D2
STR_T1_nRDX_n11Y_yCOMP_R3	ITS	serdp	ATTTCACGGGAC	CGGCTGCGTTCTTCATCGATGC	8	D3
STR_T1_nRDX_n11Y_yCOMP_R4	ITS	serdp	AATACACTGTCC	CGGCTGCGTTCTTCATCGATGC	8	D4
STR_T1_nRDX_y11Y_nCOMP_R1	ITS	serdp	CTATAGTCGTGT	CGGCTGCGTTCTTCATCGATGC	8	D5
STR_T1_nRDX_y11Y_nCOMP_R2	ITS	serdp	AAGCACCTACAC	CGGCTGCGTTCTTCATCGATGC	8	D6
STR_T1_nRDX_y11Y_nCOMP_R3	ITS	serdp	GACGCTAGTTCA	CGGCTGCGTTCTTCATCGATGC	8	D7
STR_T1_nRDX_y11Y_nCOMP_R4	ITS	serdp	TGGTGACTCGGA	CGGCTGCGTTCTTCATCGATGC	8	D8
STR_T1_nRDX_y11Y_yCOMP_R1	ITS	serdp	GACCAAAGAGGA	CGGCTGCGTTCTTCATCGATGC	8	D9
STR_T1_nRDX_y11Y_yCOMP_R2	ITS	serdp	ATAGAGGGTGGA	CGGCTGCGTTCTTCATCGATGC	8	D10
STR_T1_nRDX_y11Y_yCOMP_R3	ITS	serdp	TTAGCGTCACGA	CGGCTGCGTTCTTCATCGATGC	8	D11
STR_T1_nRDX_y11Y_yCOMP_R4	ITS	serdp	GGAACTAGCCGT	CGGCTGCGTTCTTCATCGATGC	8	D12
STR_T1_yRDX_n11Y_nCOMP_R1	ITS	serdp	ATATGCCAGTGC	CGGCTGCGTTCTTCATCGATGC	8	E1
STR_T1_yRDX_n11Y_nCOMP_R2	ITS	serdp	TCAACTAATGCC	CGGCTGCGTTCTTCATCGATGC	8	E2
STR_T1_yRDX_n11Y_nCOMP_R3	ITS	serdp	GATCAACTACCG	CGGCTGCGTTCTTCATCGATGC	8	E3
STR_T1_yRDX_n11Y_nCOMP_R4	ITS	serdp	TCGCCGCTTTCA	CGGCTGCGTTCTTCATCGATGC	8	E4
STR_T1_yRDX_n11Y_yCOMP_R1	ITS	serdp	GTAACCGTAACC	CGGCTGCGTTCTTCATCGATGC	8	E5
STR_T1_yRDX_n11Y_yCOMP_R2	ITS	serdp	GTGACCTGATGT	CGGCTGCGTTCTTCATCGATGC	8	E6
STR_T1_yRDX_n11Y_yCOMP_R3	ITS	serdp	CATCGTATCAAC	CGGCTGCGTTCTTCATCGATGC	8	E7
STR_T1_yRDX_n11Y_yCOMP_R4	ITS	serdp	CGGAAGTGTCTG	CGGCTGCGTTCTTCATCGATGC	8	E8
STR_T1_yRDX_y11Y_nCOMP_R1	ITS	serdp	CTCGGATGGTGA	CGGCTGCGTTCTTCATCGATGC	8	E9
STR_T1_yRDX_y11Y_nCOMP_R2	ITS	serdp	CTAGTGGTGGGT	CGGCTGCGTTCTTCATCGATGC	8	E10
STR_T1_yRDX_y11Y_nCOMP_R3	ITS	serdp	CCACACCTTCTG	CGGCTGCGTTCTTCATCGATGC	8	E11
STR_T1_yRDX_y11Y_nCOMP_R4	ITS	serdp	GATTCAAGCTTC	CGGCTGCGTTCTTCATCGATGC	8	E12
STR_T1_yRDX_y11Y_yCOMP_R1	ITS	serdp	ACTGATCCTAGT	CGGCTGCGTTCTTCATCGATGC	8	F1
STR_T1_yRDX_y11Y_yCOMP_R2	ITS	serdp	CTTCTAAGGAGC	CGGCTGCGTTCTTCATCGATGC	8	F2
STR_T1_yRDX_y11Y_yCOMP_R3	ITS	serdp	ATGGGAATGGGA	CGGCTGCGTTCTTCATCGATGC	8	F3
STR_T1_yRDX_y11Y_yCOMP_R4	ITS	serdp	CGAATGACGCCA	CGGCTGCGTTCTTCATCGATGC	8	F4
STR_T2_nRDX_n11Y_nCOMP_R1	ITS	serdp	ACTCCGAGGATT	CGGCTGCGTTCTTCATCGATGC	8	F5
STR_T2_nRDX_n11Y_nCOMP_R2	ITS	serdp	TAATGCGTCCAG	CGGCTGCGTTCTTCATCGATGC	8	F6
STR_T2_nRDX_n11Y_nCOMP_R3	ITS	serdp	TACCTAATCGGT	CGGCTGCGTTCTTCATCGATGC	8	F7
STR_T2_nRDX_n11Y_nCOMP_R4	ITS	serdp	CGAGCAGCACAT	CGGCTGCGTTCTTCATCGATGC	8	F8
STR_T2_nRDX_n11Y_yCOMP_R1	ITS	serdp	GTTTCGTACGTA	CGGCTGCGTTCTTCATCGATGC	8	F9
STR_T2_nRDX_n11Y_yCOMP_R2	ITS	serdp	GGAGAATGTGAT	CGGCTGCGTTCTTCATCGATGC	8	F10
STR_T2_nRDX_n11Y_yCOMP_R3	ITS	serdp	AGGTACCAGGCT	CGGCTGCGTTCTTCATCGATGC	8	F11
STR_T2_nRDX_n11Y_yCOMP_R4	ITS	serdp	TACGACTTTAGC	CGGCTGCGTTCTTCATCGATGC	8	F12
STR_T2_nRDX_y11Y_nCOMP_R1	ITS	serdp	TACGCGCTGAGA	CGGCTGCGTTCTTCATCGATGC	8	G1
STR_T2_nRDX_y11Y_nCOMP_R2	ITS	serdp	AGGTCTAGGGTC	CGGCTGCGTTCTTCATCGATGC	8	G2
STR_T2_nRDX_y11Y_nCOMP_R3	ITS	serdp	GTCCGCTGAATA	CGGCTGCGTTCTTCATCGATGC	8	G3
STR_T2_nRDX_y11Y_nCOMP_R4	ITS	serdp	CTAATCCGGAAC	CGGCTGCGTTCTTCATCGATGC	8	G4
STR_T2_nRDX_y11Y_yCOMP_R1	ITS	serdp	CTAATTACACGC	CGGCTGCGTTCTTCATCGATGC	8	G5
STR_T2_nRDX_y11Y_yCOMP_R2	ITS	serdp	GCCAAGCTACAG	CGGCTGCGTTCTTCATCGATGC	8	G6
STR_T2_nRDX_y11Y_yCOMP_R3	ITS	serdp	CTTACGAGGCAT	CGGCTGCGTTCTTCATCGATGC	8	G7
STR_T2_nRDX_y11Y_yCOMP_R4	ITS	serdp	TTCACCATAGGT	CGGCTGCGTTCTTCATCGATGC	8	G8
STR_T2_yRDX_n11Y_nCOMP_R1	ITS	serdp	TCGCTGTAACAG	CGGCTGCGTTCTTCATCGATGC	8	G9
STR_T2_yRDX_n11Y_nCOMP_R1	ITS	serdp	AAGGCCTGACTG	CGGCTGCGTTCTTCATCGATGC	8	G10
STR_T2_yRDX_n11Y_nCOMP_R2	ITS	serdp	ATGCAGCTCAGT	CGGCTGCGTTCTTCATCGATGC	8	G11
STR_T2_yRDX_n11Y_nCOMP_R3	ITS	serdp	GGTAGACTTCGT	CGGCTGCGTTCTTCATCGATGC	8	G12
STR_T2_yRDX_n11Y_yCOMP_R1	ITS	serdp	GAGAAAGACGGT	CGGCTGCGTTCTTCATCGATGC	8	H1
STR_T2_yRDX_n11Y_yCOMP_R2	ITS	serdp	CGCAGACAGACT	CGGCTGCGTTCTTCATCGATGC	8	H2
STR_T2_yRDX_n11Y_yCOMP_R3	ITS	serdp	ACTTGAGTGCGG	CGGCTGCGTTCTTCATCGATGC	8	H3
STR_T2_yRDX_n11Y_yCOMP_R4	ITS	serdp	GGAGTTTCCACA	CGGCTGCGTTCTTCATCGATGC	8	H4
STR_T2_yRDX_y11Y_nCOMP_R1	ITS	serdp	GAACCTGCCTAA	CGGCTGCGTTCTTCATCGATGC	8	H5
STR_T2_yRDX_y11Y_nCOMP_R2	ITS	serdp	CCAGTAGTCTTA	CGGCTGCGTTCTTCATCGATGC	8	H6
STR_T2_yRDX_y11Y_nCOMP_R3	ITS	serdp	TGAAACTTCGCG	CGGCTGCGTTCTTCATCGATGC	8	H7
STR_T2_yRDX_y11Y_nCOMP_R4	ITS	serdp	GGCAGTGTATCG	CGGCTGCGTTCTTCATCGATGC	8	H8
STR_T2_yRDX_y11Y_yCOMP_R1	ITS	serdp	CCGGGATTTCAA	CGGCTGCGTTCTTCATCGATGC	8	H9
STR_T2_yRDX_y11Y_yCOMP_R2	ITS	serdp	TCGCTCCCTAAC	CGGCTGCGTTCTTCATCGATGC	8	H10
STR_T2_yRDX_y11Y_yCOMP_R3	ITS	serdp	CGGCCACAGTAA	CGGCTGCGTTCTTCATCGATGC	8	H11
STR_T2_yRDX_y11Y_yCOMP_R4	ITS	serdp	TGGGCCTTATAT	CGGCTGCGTTCTTCATCGATGC	8	H12
NTR_T0_nRDX_n11Y_nCOMP_R1	ITS	serdp	GAAGACAGCGAC	CGGCTGCGTTCTTCATCGATGC	17	A1
NTR_T0_nRDX_n11Y_nCOMP_R2	ITS	serdp	ATATCGCGATGA	CGGCTGCGTTCTTCATCGATGC	17	A2
NTR_T0_nRDX_n11Y_nCOMP_R3	ITS	serdp	CGATACACTGCC	CGGCTGCGTTCTTCATCGATGC	17	A3
NTR_T0_nRDX_n11Y_nCOMP_R4	ITS	serdp	TCACAACACCGC	CGGCTGCGTTCTTCATCGATGC	17	A4
NTR_T0_nRDX_n11Y_yCOMP_R1	ITS	serdp	GTTTGTGATCTT	CGGCTGCGTTCTTCATCGATGC	17	A5
NTR_T0_nRDX_n11Y_yCOMP_R2	ITS	serdp	AACATTGCAGGT	CGGCTGCGTTCTTCATCGATGC	17	A6
NTR_T0_nRDX_n11Y_yCOMP_R3	ITS	serdp	GAGTGCTCTAAC	CGGCTGCGTTCTTCATCGATGC	17	A7
NTR_T0_nRDX_n11Y_yCOMP_R4	ITS	serdp	GCTACTGGTATG	CGGCTGCGTTCTTCATCGATGC	17	A8
NTR_T0_nRDX_y11Y_nCOMP_R1	ITS	serdp	GTCCGATCCTAG	CGGCTGCGTTCTTCATCGATGC	17	A9
NTR_T0_nRDX_y11Y_nCOMP_R2	ITS	serdp	GTGTGGCAGAAG	CGGCTGCGTTCTTCATCGATGC	17	A10
NTR_T0_nRDX_y11Y_nCOMP_R3	ITS	serdp	AAGTATCCTGCG	CGGCTGCGTTCTTCATCGATGC	17	A11
NTR_T0_nRDX_y11Y_nCOMP_R4	ITS	serdp	TGGCACTGGTTA	CGGCTGCGTTCTTCATCGATGC	17	A12
NTR_T0_nRDX_y11Y_yCOMP_R1	ITS	serdp	CACTGGTGCATA	CGGCTGCGTTCTTCATCGATGC	17	B1
NTR_T0_nRDX_y11Y_yCOMP_R2	ITS	serdp	GCGCCGAATCTT	CGGCTGCGTTCTTCATCGATGC	17	B2
NTR_T0_nRDX_y11Y_yCOMP_R3	ITS	serdp	ATGGCGCGGACC	CGGCTGCGTTCTTCATCGATGC	17	B3
NTR_T0_nRDX_y11Y_yCOMP_R4	ITS	serdp	GCGGAAACATGG	CGGCTGCGTTCTTCATCGATGC	17	B4
NTR_T0_yRDX_n11Y_nCOMP_R1	ITS	serdp	GATGTGGTGTTA	CGGCTGCGTTCTTCATCGATGC	17	B5
NTR_T0_yRDX_n11Y_nCOMP_R2	ITS	serdp	ATATCCTGGGAC	CGGCTGCGTTCTTCATCGATGC	17	B6
NTR_T0_yRDX_n11Y_nCOMP_R3	ITS	serdp	CGACGCCCATTC	CGGCTGCGTTCTTCATCGATGC	17	B7
NTR_T0_yRDX_n11Y_nCOMP_R4	ITS	serdp	CGTGCCGCTTAA	CGGCTGCGTTCTTCATCGATGC	17	B8
NTR_T0_yRDX_n11Y_yCOMP_R1	ITS	serdp	AGCGCATATCCA	CGGCTGCGTTCTTCATCGATGC	17	B9
NTR_T0_yRDX_n11Y_yCOMP_R2	ITS	serdp	CTGTATGGAGCT	CGGCTGCGTTCTTCATCGATGC	17	B10
NTR_T0_yRDX_n11Y_yCOMP_R3	ITS	serdp	GCCGTCTCGTAA	CGGCTGCGTTCTTCATCGATGC	17	B11
NTR_T0_yRDX_n11Y_yCOMP_R4	ITS	serdp	AGGGCCCGCTGA	CGGCTGCGTTCTTCATCGATGC	17	B12
NTR_T0_yRDX_y11Y_nCOMP_R1	ITS	serdp	TCAGATACCAGC	CGGCTGCGTTCTTCATCGATGC	17	C1
NTR_T0_yRDX_y11Y_nCOMP_R2	ITS	serdp	GTAATAATGCCG	CGGCTGCGTTCTTCATCGATGC	17	C2
NTR_T0_yRDX_y11Y_nCOMP_R3	ITS	serdp	ACGCGCTAAATC	CGGCTGCGTTCTTCATCGATGC	17	C3
NTR_T0_yRDX_y11Y_nCOMP_R4	ITS	serdp	TCGATTGGCCGT	CGGCTGCGTTCTTCATCGATGC	17	C4
NTR_T0_yRDX_y11Y_yCOMP_R1	ITS	serdp	CTACCACGGTAC	CGGCTGCGTTCTTCATCGATGC	17	C5
NTR_T0_yRDX_y11Y_yCOMP_R2	ITS	serdp	TTCACCTGTATC	CGGCTGCGTTCTTCATCGATGC	17	C6
NTR_T0_yRDX_y11Y_yCOMP_R3	ITS	serdp	CCTTACCTCCTC	CGGCTGCGTTCTTCATCGATGC	17	C7
NTR_T0_yRDX_y11Y_yCOMP_R4	ITS	serdp	TCGCCGTGTACA	CGGCTGCGTTCTTCATCGATGC	17	C8
NTR_T1_nRDX_n11Y_nCOMP_R1	ITS	serdp	GTTTCTTGTTGC	CGGCTGCGTTCTTCATCGATGC	17	C9
NTR_T1_nRDX_n11Y_nCOMP_R2	ITS	serdp	CGTAGGTAGAGG	CGGCTGCGTTCTTCATCGATGC	17	C10
NTR_T1_nRDX_n11Y_nCOMP_R3	ITS	serdp	TCTTGTTTCTGG	CGGCTGCGTTCTTCATCGATGC	17	C11
NTR_T1_nRDX_n11Y_nCOMP_R4	ITS	serdp	TTGGGAGCGAAG	CGGCTGCGTTCTTCATCGATGC	17	C12
NTR_T1_nRDX_n11Y_yCOMP_R1	ITS	serdp	AATATACTCAAT	CGGCTGCGTTCTTCATCGATGC	17	D1
NTR_T1_nRDX_n11Y_yCOMP_R2	ITS	serdp	ATTTGTGGGTAG	CGGCTGCGTTCTTCATCGATGC	17	D2
NTR_T1_nRDX_n11Y_yCOMP_R3	ITS	serdp	GGTAAAGGGTCG	CGGCTGCGTTCTTCATCGATGC	17	D3
NTR_T1_nRDX_n11Y_yCOMP_R4	ITS	serdp	GTCGAATTTGCG	CGGCTGCGTTCTTCATCGATGC	17	D4
NTR_T1_nRDX_y11Y_nCOMP_R1	ITS	serdp	CTACGAAAGCCT	CGGCTGCGTTCTTCATCGATGC	17	D5
NTR_T1_nRDX_y11Y_nCOMP_R2	ITS	serdp	TCAAGGGACCTT	CGGCTGCGTTCTTCATCGATGC	17	D6
NTR_T1_nRDX_y11Y_nCOMP_R3	ITS	serdp	CAGTAAATCGCA	CGGCTGCGTTCTTCATCGATGC	17	D7
NTR_T1_nRDX_y11Y_nCOMP_R4	ITS	serdp	CTCTACGAACAG	CGGCTGCGTTCTTCATCGATGC	17	D8
NTR_T1_nRDX_y11Y_yCOMP_R1	ITS	serdp	GACGGAACAGAC	CGGCTGCGTTCTTCATCGATGC	17	D9
NTR_T1_nRDX_y11Y_yCOMP_R2	ITS	serdp	ACTCCGATAGAC	CGGCTGCGTTCTTCATCGATGC	17	D10
NTR_T1_nRDX_y11Y_yCOMP_R3	ITS	serdp	GTTCAGACTAGC	CGGCTGCGTTCTTCATCGATGC	17	D11
NTR_T1_nRDX_y11Y_yCOMP_R4	ITS	serdp	GGACAGTGTATT	CGGCTGCGTTCTTCATCGATGC	17	D12
NTR_T1_yRDX_n11Y_nCOMP_R1	ITS	serdp	GGATATGATACA	CGGCTGCGTTCTTCATCGATGC	17	E1
NTR_T1_yRDX_n11Y_nCOMP_R2	ITS	serdp	AGACCAAATATG	CGGCTGCGTTCTTCATCGATGC	17	E2
NTR_T1_yRDX_n11Y_nCOMP_R3	ITS	serdp	AGACGTTGCTAC	CGGCTGCGTTCTTCATCGATGC	17	E3
NTR_T1_yRDX_n11Y_nCOMP_R4	ITS	serdp	TGGTAGTCTGAA	CGGCTGCGTTCTTCATCGATGC	17	E4
NTR_T1_yRDX_n11Y_yCOMP_R1	ITS	serdp	CATATGTAAATT	CGGCTGCGTTCTTCATCGATGC	17	E5
NTR_T1_yRDX_n11Y_yCOMP_R2	ITS	serdp	GGCCAGTTCCTA	CGGCTGCGTTCTTCATCGATGC	17	E6
NTR_T1_yRDX_n11Y_yCOMP_R3	ITS	serdp	ATCAGTACTAGG	CGGCTGCGTTCTTCATCGATGC	17	E7
NTR_T1_yRDX_n11Y_yCOMP_R4	ITS	serdp	TGAAATGTCCCG	CGGCTGCGTTCTTCATCGATGC	17	E8
NTR_T1_yRDX_y11Y_nCOMP_R1	ITS	serdp	AGAATTACAACG	CGGCTGCGTTCTTCATCGATGC	17	E9
NTR_T1_yRDX_y11Y_nCOMP_R2	ITS	serdp	TGCCAGACCACT	CGGCTGCGTTCTTCATCGATGC	17	E10
NTR_T1_yRDX_y11Y_nCOMP_R3	ITS	serdp	TGAAGATATCAG	CGGCTGCGTTCTTCATCGATGC	17	E11
NTR_T1_yRDX_y11Y_nCOMP_R4	ITS	serdp	GATATGAACTGC	CGGCTGCGTTCTTCATCGATGC	17	E12
NTR_T1_yRDX_y11Y_yCOMP_R1	ITS	serdp	ACACTGGTCCTG	CGGCTGCGTTCTTCATCGATGC	17	F1
NTR_T1_yRDX_y11Y_yCOMP_R2	ITS	serdp	TCCCAACCTAGG	CGGCTGCGTTCTTCATCGATGC	17	F2
NTR_T1_yRDX_y11Y_yCOMP_R3	ITS	serdp	GGCTGTCGCAGG	CGGCTGCGTTCTTCATCGATGC	17	F3
NTR_T1_yRDX_y11Y_yCOMP_R4	ITS	serdp	GAATAGTAGTCA	CGGCTGCGTTCTTCATCGATGC	17	F4
NTR_T2_nRDX_n11Y_nCOMP_R1	ITS	serdp	GATAAGCGCCTT	CGGCTGCGTTCTTCATCGATGC	17	F5
NTR_T2_nRDX_n11Y_nCOMP_R2	ITS	serdp	CGATGTGTGGTT	CGGCTGCGTTCTTCATCGATGC	17	F6
NTR_T2_nRDX_n11Y_nCOMP_R3	ITS	serdp	TTCAAAGGATGA	CGGCTGCGTTCTTCATCGATGC	17	F7
NTR_T2_nRDX_n11Y_nCOMP_R4	ITS	serdp	CCTGCTTCCTTC	CGGCTGCGTTCTTCATCGATGC	17	F8
NTR_T2_nRDX_n11Y_yCOMP_R1	ITS	serdp	TCTTCTGCCCTA	CGGCTGCGTTCTTCATCGATGC	17	F9
NTR_T2_nRDX_n11Y_yCOMP_R2	ITS	serdp	GTGAGTCATACC	CGGCTGCGTTCTTCATCGATGC	17	F10
NTR_T2_nRDX_n11Y_yCOMP_R3	ITS	serdp	CGCGAAGTTTCA	CGGCTGCGTTCTTCATCGATGC	17	F11
NTR_T2_nRDX_n11Y_yCOMP_R4	ITS	serdp	TGAGAGTCCCTC	CGGCTGCGTTCTTCATCGATGC	17	F12
NTR_T2_nRDX_y11Y_nCOMP_R1	ITS	serdp	GTGTGTGCCATA	CGGCTGCGTTCTTCATCGATGC	17	G1
NTR_T2_nRDX_y11Y_nCOMP_R2	ITS	serdp	TGCTGCTCAACG	CGGCTGCGTTCTTCATCGATGC	17	G2
NTR_T2_nRDX_y11Y_nCOMP_R3	ITS	serdp	GGAGGCCATAAG	CGGCTGCGTTCTTCATCGATGC	17	G3
NTR_T2_nRDX_y11Y_nCOMP_R4	ITS	serdp	GTTAGATCTATT	CGGCTGCGTTCTTCATCGATGC	17	G4
NTR_T2_nRDX_y11Y_yCOMP_R1	ITS	serdp	CTTACGAGTAGA	CGGCTGCGTTCTTCATCGATGC	17	G5
NTR_T2_nRDX_y11Y_yCOMP_R2	ITS	serdp	AGTACAACTGAA	CGGCTGCGTTCTTCATCGATGC	17	G6
NTR_T2_nRDX_y11Y_yCOMP_R3	ITS	serdp	GTCCAAAGCGTT	CGGCTGCGTTCTTCATCGATGC	17	G7
NTR_T2_nRDX_y11Y_yCOMP_R4	ITS	serdp	ATTGAGTGAGTC	CGGCTGCGTTCTTCATCGATGC	17	G8
NTR_T2_yRDX_n11Y_nCOMP_R1	ITS	serdp	TCGGTCCATAGC	CGGCTGCGTTCTTCATCGATGC	17	G9
NTR_T2_yRDX_n11Y_nCOMP_R2	ITS	serdp	CCTCCAGACGTC	CGGCTGCGTTCTTCATCGATGC	17	G10
NTR_T2_yRDX_n11Y_nCOMP_R3	ITS	serdp	ACGCTGTCGGTT	CGGCTGCGTTCTTCATCGATGC	17	G11
NTR_T2_yRDX_n11Y_nCOMP_R4	ITS	serdp	TAGCTCACAGCA	CGGCTGCGTTCTTCATCGATGC	17	G12
NTR_T2_yRDX_n11Y_yCOMP_R1	ITS	serdp	TTACTAGTTAAC	CGGCTGCGTTCTTCATCGATGC	17	H1
NTR_T2_yRDX_n11Y_yCOMP_R2	ITS	serdp	AGTTCATACGGC	CGGCTGCGTTCTTCATCGATGC	17	H2
NTR_T2_yRDX_n11Y_yCOMP_R3	ITS	serdp	ACAGAACCGGCG	CGGCTGCGTTCTTCATCGATGC	17	H3
NTR_T2_yRDX_n11Y_yCOMP_R4	ITS	serdp	CTTCCTGCCAGG	CGGCTGCGTTCTTCATCGATGC	17	H4
NTR_T2_yRDX_y11Y_nCOMP_R1	ITS	serdp	AACAGGTCTCTG	CGGCTGCGTTCTTCATCGATGC	17	H5
NTR_T2_yRDX_y11Y_nCOMP_R2	ITS	serdp	GAGCTAAGTTAC	CGGCTGCGTTCTTCATCGATGC	17	H6
NTR_T2_yRDX_y11Y_nCOMP_R3	ITS	serdp	AAGTGAAGCGAG	CGGCTGCGTTCTTCATCGATGC	17	H7
NTR_T2_yRDX_y11Y_nCOMP_R4	ITS	serdp	GACCTCGACCTC	CGGCTGCGTTCTTCATCGATGC	17	H8
NTR_T2_yRDX_y11Y_yCOMP_R1	ITS	serdp	AAGATGATGACT	CGGCTGCGTTCTTCATCGATGC	17	H9
NTR_T2_yRDX_y11Y_yCOMP_R2	ITS	serdp	GATGTATGTGGT	CGGCTGCGTTCTTCATCGATGC	17	H10
NTR_T2_yRDX_y11Y_yCOMP_R3	ITS	serdp	CAGCTATGGACT	CGGCTGCGTTCTTCATCGATGC	17	H11
NTR_T2_yRDX_y11Y_yCOMP_R4	ITS	serdp	GCGGATGCGGAT	CGGCTGCGTTCTTCATCGATGC	17	H12
5C_8kpa_R1	ITS	respiration	GTTATACATTCA	CGGCTGCGTTCTTCATCGATGC	13	A1
5C_8kpa_R2	ITS	respiration	GATGTCATAGCC	CGGCTGCGTTCTTCATCGATGC	13	A2
5C_8kpa_R3	ITS	respiration	CGTGACAATAGT	CGGCTGCGTTCTTCATCGATGC	13	A3
5C_8kpa_R4	ITS	respiration	GAGGGCGTGATC	CGGCTGCGTTCTTCATCGATGC	13	A4
5C_14kpa_R1	ITS	respiration	ATGGTCACAAAC	CGGCTGCGTTCTTCATCGATGC	13	A5
5C_14kpa_R2	ITS	respiration	TTGTATGACAGG	CGGCTGCGTTCTTCATCGATGC	13	A6
5C_14kpa_R3	ITS	respiration	TGGAAACCATTG	CGGCTGCGTTCTTCATCGATGC	13	A7
5C_14kpa_R4	ITS	respiration	AACCCTAACTGG	CGGCTGCGTTCTTCATCGATGC	13	A8
5C_33kpa_R1	ITS	respiration	TATAACAATCTC	CGGCTGCGTTCTTCATCGATGC	13	A9
5C_33kpa_R2	ITS	respiration	ACGAGGAGTCGA	CGGCTGCGTTCTTCATCGATGC	13	A10
5C_33kpa_R3	ITS	respiration	TGGCGATACGTT	CGGCTGCGTTCTTCATCGATGC	13	A11
5C_33kpa_R4	ITS	respiration	CTTTCAGGACCG	CGGCTGCGTTCTTCATCGATGC	13	A12
5C_100kpa_R1	ITS	respiration	CGATCACCACAA	CGGCTGCGTTCTTCATCGATGC	13	B1
5C_100kpa_R2	ITS	respiration	AGTAGGAGGCAC	CGGCTGCGTTCTTCATCGATGC	13	B2
5C_100kpa_R3	ITS	respiration	TGTACGGATAAC	CGGCTGCGTTCTTCATCGATGC	13	B3
5C_100kpa_R4	ITS	respiration	AGGGTCGCCGCC	CGGCTGCGTTCTTCATCGATGC	13	B4
5C_500kpa_R1	ITS	respiration	GGTTCCATTAGG	CGGCTGCGTTCTTCATCGATGC	13	B5
5C_500kpa_R2	ITS	respiration	AAGGAAGTATAT	CGGCTGCGTTCTTCATCGATGC	13	B6
5C_500kpa_R3	ITS	respiration	TTGTTACGTTCC	CGGCTGCGTTCTTCATCGATGC	13	B7
5C_500kpa_R4	ITS	respiration	CGCTACAACTCG	CGGCTGCGTTCTTCATCGATGC	13	B8
15C_8kpa_R1	ITS	respiration	ATCAGCCAGCTC	CGGCTGCGTTCTTCATCGATGC	13	B9
15C_8kpa_R2	ITS	respiration	ATTTCTTAGCCA	CGGCTGCGTTCTTCATCGATGC	13	B10
15C_8kpa_R3	ITS	respiration	CCGGGAAGCCAC	CGGCTGCGTTCTTCATCGATGC	13	H11
15C_8kpa_R4	ITS	respiration	ATTCGCCAAGAA	CGGCTGCGTTCTTCATCGATGC	13	B12
15C_14kpa_R1	ITS	respiration	GGCCGCGATCGA	CGGCTGCGTTCTTCATCGATGC	13	C1
15C_14kpa_R2	ITS	respiration	AGTGCGTTCTAG	CGGCTGCGTTCTTCATCGATGC	13	C2
15C_14kpa_R3	ITS	respiration	CAATTAATGTAT	CGGCTGCGTTCTTCATCGATGC	13	C3
15C_14kpa_R4	ITS	respiration	CTGTGATCGGAT	CGGCTGCGTTCTTCATCGATGC	13	C4
15C_33kpa_R1	ITS	respiration	GATCGGTTAATG	CGGCTGCGTTCTTCATCGATGC	13	C5
15C_33kpa_R2	ITS	respiration	AGGTGGTGGAGT	CGGCTGCGTTCTTCATCGATGC	13	C6
15C_33kpa_R3	ITS	respiration	TGGACGGCCCAG	CGGCTGCGTTCTTCATCGATGC	13	C7
15C_33kpa_R4	ITS	respiration	CTTACTTTAACG	CGGCTGCGTTCTTCATCGATGC	13	C8
15C_100kpa_R1	ITS	respiration	TGCTCCGTAGAA	CGGCTGCGTTCTTCATCGATGC	13	C9
15C_100kpa_R2	ITS	respiration	TCCTTGTCCTTG	CGGCTGCGTTCTTCATCGATGC	13	C10
15C_100kpa_R3	ITS	respiration	CACCGCTCACAA	CGGCTGCGTTCTTCATCGATGC	13	C11
15C_100kpa_R4	ITS	respiration	GTGTTGTCGTGC	CGGCTGCGTTCTTCATCGATGC	13	C12
15C_500kpa_R1	ITS	respiration	GTTATGACGGAT	CGGCTGCGTTCTTCATCGATGC	13	D1
15C_500kpa_R2	ITS	respiration	GCTCAGGACTCT	CGGCTGCGTTCTTCATCGATGC	13	D2
15C_500kpa_R3	ITS	respiration	TAGTACTATACT	CGGCTGCGTTCTTCATCGATGC	13	D3
15C_500kpa_R4	ITS	respiration	ATAGCACCAGAT	CGGCTGCGTTCTTCATCGATGC	13	D4
25C_8kpa_R1	ITS	respiration	GTGAACTGGATT	CGGCTGCGTTCTTCATCGATGC	13	D5
25C_8kpa_R2	ITS	respiration	ATTCGAGCTGTG	CGGCTGCGTTCTTCATCGATGC	13	D6
25C_8kpa_R3	ITS	respiration	ATAAGGTCGCCT	CGGCTGCGTTCTTCATCGATGC	13	D7
25C_8kpa_R4	ITS	respiration	CGGGATCAAATT	CGGCTGCGTTCTTCATCGATGC	13	D8
25C_14kpa_R1	ITS	respiration	CGTTAGTGACTG	CGGCTGCGTTCTTCATCGATGC	13	D9
25C_14kpa_R2	ITS	respiration	TCGCCTATAAGG	CGGCTGCGTTCTTCATCGATGC	13	D10
25C_14kpa_R3	ITS	respiration	ATCAAACGCATG	CGGCTGCGTTCTTCATCGATGC	13	D11
25C_14kpa_R4	ITS	respiration	TTGCTCAATTTG	CGGCTGCGTTCTTCATCGATGC	13	D12
25C_33kpa_R1	ITS	respiration	TCGTCCTCGCGA	CGGCTGCGTTCTTCATCGATGC	13	E1
25C_33kpa_R2	ITS	respiration	TCTTCAACTACC	CGGCTGCGTTCTTCATCGATGC	13	E2
25C_33kpa_R3	ITS	respiration	TCACGTATTCTC	CGGCTGCGTTCTTCATCGATGC	13	E3
25C_33kpa_R4	ITS	respiration	TGACCGGCTGTT	CGGCTGCGTTCTTCATCGATGC	13	E4
25C_100kpa_R1	ITS	respiration	CATCCCTCTACT	CGGCTGCGTTCTTCATCGATGC	13	E5
25C_100kpa_R2	ITS	respiration	TCGCATGGATAC	CGGCTGCGTTCTTCATCGATGC	13	E6
25C_100kpa_R3	ITS	respiration	ACCACACGTAGT	CGGCTGCGTTCTTCATCGATGC	13	E7
25C_100kpa_R4	ITS	respiration	AGTTTAATCTCA	CGGCTGCGTTCTTCATCGATGC	13	E8
25C_500kpa_R1	ITS	respiration	CAGAGAACTTAA	CGGCTGCGTTCTTCATCGATGC	13	E9
25C_500kpa_R2	ITS	respiration	CACTAACAAACG	CGGCTGCGTTCTTCATCGATGC	13	E10
25C_500kpa_R3	ITS	respiration	AACAACGGCCGG	CGGCTGCGTTCTTCATCGATGC	13	E11
25C_500kpa_R4	ITS	respiration	CATTAAAGTTCT	CGGCTGCGTTCTTCATCGATGC	13	E12
30C_8kpa_R1	ITS	respiration	ACGCAATGTCTG	CGGCTGCGTTCTTCATCGATGC	13	F1
30C_8kpa_R2	ITS	respiration	GCTCCGACCATA	CGGCTGCGTTCTTCATCGATGC	13	F2
30C_8kpa_R3	ITS	respiration	ACAATAGACACC	CGGCTGCGTTCTTCATCGATGC	13	F3
30C_8kpa_R4	ITS	respiration	GCGAACCTATAC	CGGCTGCGTTCTTCATCGATGC	13	F4
30C_14kpa_R1	ITS	respiration	CTTGGCCTGTAG	CGGCTGCGTTCTTCATCGATGC	13	F5
30C_14kpa_R2	ITS	respiration	GGCGCCATCTCT	CGGCTGCGTTCTTCATCGATGC	13	F6
30C_14kpa_R3	ITS	respiration	CACCCACGTTGA	CGGCTGCGTTCTTCATCGATGC	13	F7
30C_14kpa_R4	ITS	respiration	AGAACCGTCATA	CGGCTGCGTTCTTCATCGATGC	13	F8
30C_33kpa_R1	ITS	respiration	AAGAGCAGAGCC	CGGCTGCGTTCTTCATCGATGC	13	F9
30C_33kpa_R2	ITS	respiration	AAGGCCTTTACG	CGGCTGCGTTCTTCATCGATGC	13	F10
30C_33kpa_R3	ITS	respiration	TCACTTGGTGCG	CGGCTGCGTTCTTCATCGATGC	13	F11
30C_33kpa_R4	ITS	respiration	GCTGTACGGATT	CGGCTGCGTTCTTCATCGATGC	13	F12
30C_100kpa_R1	ITS	respiration	TATCGCGCGATA	CGGCTGCGTTCTTCATCGATGC	13	G1
30C_100kpa_R2	ITS	respiration	TGTGACAGGGCG	CGGCTGCGTTCTTCATCGATGC	13	G2
30C_100kpa_R3	ITS	respiration	CGAGACCTGGGC	CGGCTGCGTTCTTCATCGATGC	13	G3
30C_100kpa_R4	ITS	respiration	ATAAGTAACCGC	CGGCTGCGTTCTTCATCGATGC	13	G4
30C_500kpa_R1	ITS	respiration	TTGACCGCGGTT	CGGCTGCGTTCTTCATCGATGC	13	G5
30C_500kpa_R2	ITS	respiration	GCACCCTGGTCT	CGGCTGCGTTCTTCATCGATGC	13	G6
30C_500kpa_R3	ITS	respiration	TATGATTGCATT	CGGCTGCGTTCTTCATCGATGC	13	G7
30C_500kpa_R4	ITS	respiration	CTATCATCCTCA	CGGCTGCGTTCTTCATCGATGC	13	G8
SERDP_EB1	ITS	serdp_blanks	TGGAAGAACGGC	CGGCTGCGTTCTTCATCGATGC	13	G9
SERDP_EB2	ITS	serdp_blanks	AGAAAGGGTGTG	CGGCTGCGTTCTTCATCGATGC	13	G10
SERDP_EB3	ITS	serdp_blanks	TCCTATCGGCCG	CGGCTGCGTTCTTCATCGATGC	13	G11
SERDP_EB4	ITS	serdp_blanks	AATTCCGAACGC	CGGCTGCGTTCTTCATCGATGC	13	G12
SERDP_EB5	ITS	serdp_blanks	GTCTCGCCTACG	CGGCTGCGTTCTTCATCGATGC	13	H1
SERDP_EB6	ITS	serdp_blanks	AATTGGCGGGCG	CGGCTGCGTTCTTCATCGATGC	13	H2
SERDP_EB7	ITS	serdp_blanks	GAAGTGTATCTG	CGGCTGCGTTCTTCATCGATGC	13	H3
SERDP_EB8	ITS	serdp_blanks	GTTACCCGAGCT	CGGCTGCGTTCTTCATCGATGC	13	H4
SERDP_EB9	ITS	serdp_blanks	ATACGATGGATA	CGGCTGCGTTCTTCATCGATGC	13	H5
SERDP_EB10	ITS	serdp_blanks	GTTCTCTTCTCG	CGGCTGCGTTCTTCATCGATGC	13	H6
SERDP_EB11	ITS	serdp_blanks	CTAGAAAGAAAT	CGGCTGCGTTCTTCATCGATGC	13	H7
SERDP_EB12	ITS	serdp_blanks	GGCTCAGATTCC	CGGCTGCGTTCTTCATCGATGC	13	H8
SERDP_EB13	ITS	serdp_blanks	CCGTTATCAGCG	CGGCTGCGTTCTTCATCGATGC	13	H9
SERDP_EB14	ITS	serdp_blanks	TCACGAGTCACA	CGGCTGCGTTCTTCATCGATGC	13	H10
